Method,Name,Error,Occurrences
POST,Create Product,RemoteDisconnected('Remote end closed connection without response'),4
POST,Heavy Data Load,RemoteDisconnected('Remote end closed connection without response'),1
POST,Fetch Sales Orders,RemoteDisconnected('Remote end closed connection without response'),6
POST,Create Partner,RemoteDisconnected('Remote end closed connection without response'),6
POST,Generate Report Count,RemoteDisconnected('Remote end closed connection without response'),1
POST,Fetch Products Data,RemoteDisconnected('Remote end closed connection without response'),9
POST,Search with Filters,RemoteDisconnected('Remote end closed connection without response'),5
POST,Fetch Partners Data,RemoteDisconnected('Remote end closed connection without response'),14
POST,/web/dataset/call_kw/res.partner/search,RemoteDisconnected('Remote end closed connection without response'),4
